{
  "opponent_ease": {
    "n": 32,
    "mean": 51.625,
    "std": 26.809221827572692,
    "dagostino_k2_stat": 6.408760108195057,
    "dagostino_k2_p": 0.04058405375842258,
    "shapiro_stat": 0.9526062396850196,
    "shapiro_p": 0.17084186733313383,
    "is_normal_alpha_0.05": false,
    "plot_path": "C:\\Users\\soluk\\PycharmProjects\\NHLschedule\\_plots\\normality_Opponent_Ease_0_100.png"
  },
  "teamweek_sos": {
    "n": 768,
    "mean": 51.743489583333336,
    "std": 16.981702294611342,
    "dagostino_k2_stat": 2.227876530483316,
    "dagostino_k2_p": 0.32826362284069927,
    "shapiro_stat": 0.9944412547608951,
    "shapiro_p": 0.006488805992415878,
    "is_normal_alpha_0.05": false,
    "plot_path": "C:\\Users\\soluk\\PycharmProjects\\NHLschedule\\_plots\\normality_TeamWeek_SOS_0_100.png"
  }
}