{
  "opponent_ease": {
    "n": 32,
    "mean": 52.6875,
    "std": 26.554704738520442,
    "dagostino_k2_stat": 7.085708502957128,
    "dagostino_k2_p": 0.028930633820297265,
    "shapiro_stat": 0.9430228271605084,
    "shapiro_p": 0.0912400409704225,
    "is_normal_alpha_0.05": false,
    "plot_path": "C:\\Users\\soluk\\PycharmProjects\\NHLschedule\\_plots\\normality_Opponent_Ease_0_100.png"
  },
  "teamweek_sos": {
    "n": 768,
    "mean": 52.127604166666664,
    "std": 17.15969321821681,
    "dagostino_k2_stat": 3.9107127636927497,
    "dagostino_k2_p": 0.14151403467339285,
    "shapiro_stat": 0.9938729084507272,
    "shapiro_p": 0.003236332750794482,
    "is_normal_alpha_0.05": false,
    "plot_path": "C:\\Users\\soluk\\PycharmProjects\\NHLschedule\\_plots\\normality_TeamWeek_SOS_0_100.png"
  },
  "features": {
    "sva": {
      "per_feature": {
        "xga60": {
          "n": 32,
          "mean": 2.5684375,
          "std": 0.2679098422860758,
          "dagostino_k2_stat": 2.5542378446332057,
          "dagostino_k2_p": 0.2788395025630831,
          "shapiro_stat": 0.9562170647737575,
          "shapiro_p": 0.2158373459169048,
          "is_normal_alpha_0.05": true,
          "plot_path": "C:\\Users\\soluk\\PycharmProjects\\NHLschedule\\_plots\\normality_sva_xga60.png"
        },
        "sca60": {
          "n": 32,
          "mean": 26.2890625,
          "std": 2.6615354583574025,
          "dagostino_k2_stat": 1.5472128392006195,
          "dagostino_k2_p": 0.46134625632476234,
          "shapiro_stat": 0.9675680150334002,
          "shapiro_p": 0.435130237361419,
          "is_normal_alpha_0.05": true,
          "plot_path": "C:\\Users\\soluk\\PycharmProjects\\NHLschedule\\_plots\\normality_sva_sca60.png"
        },
        "hdca60": {
          "n": 32,
          "mean": 11.1365625,
          "std": 1.526013207214718,
          "dagostino_k2_stat": 0.9880428803793788,
          "dagostino_k2_p": 0.610167700839189,
          "shapiro_stat": 0.9729450177808879,
          "shapiro_p": 0.5843344286642869,
          "is_normal_alpha_0.05": true,
          "plot_path": "C:\\Users\\soluk\\PycharmProjects\\NHLschedule\\_plots\\normality_sva_hdca60.png"
        },
        "ga60": {
          "n": 32,
          "mean": 2.470625,
          "std": 0.38192716501317364,
          "dagostino_k2_stat": 1.7866263198244914,
          "dagostino_k2_p": 0.4092974359774597,
          "shapiro_stat": 0.98220925628733,
          "shapiro_p": 0.860647575755763,
          "is_normal_alpha_0.05": true,
          "plot_path": "C:\\Users\\soluk\\PycharmProjects\\NHLschedule\\_plots\\normality_sva_ga60.png"
        },
        "sa60": {
          "n": 32,
          "mean": 26.661250000000003,
          "std": 2.346604927869197,
          "dagostino_k2_stat": 6.467830699578013,
          "dagostino_k2_p": 0.03940292015604541,
          "shapiro_stat": 0.9471243603399694,
          "shapiro_p": 0.11938537187338372,
          "is_normal_alpha_0.05": false,
          "plot_path": "C:\\Users\\soluk\\PycharmProjects\\NHLschedule\\_plots\\normality_sva_sa60.png"
        }
      },
      "correlation": {
        "xga60": {
          "xga60": 1.0,
          "sca60": 0.904,
          "hdca60": 0.904,
          "ga60": 0.179,
          "sa60": 0.721
        },
        "sca60": {
          "xga60": 0.904,
          "sca60": 1.0,
          "hdca60": 0.845,
          "ga60": 0.201,
          "sa60": 0.618
        },
        "hdca60": {
          "xga60": 0.904,
          "sca60": 0.845,
          "hdca60": 1.0,
          "ga60": 0.207,
          "sa60": 0.649
        },
        "ga60": {
          "xga60": 0.179,
          "sca60": 0.201,
          "hdca60": 0.207,
          "ga60": 1.0,
          "sa60": 0.212
        },
        "sa60": {
          "xga60": 0.721,
          "sca60": 0.618,
          "hdca60": 0.649,
          "ga60": 0.212,
          "sa60": 1.0
        }
      },
      "correlation_plot_path": "C:\\Users\\soluk\\PycharmProjects\\NHLschedule\\_plots\\corr_sva.png",
      "high_correlation_pairs_abs_ge_0.8": [
        {
          "feature_a": "xga60",
          "feature_b": "sca60",
          "pearson_r": 0.9041094781697953
        },
        {
          "feature_a": "xga60",
          "feature_b": "hdca60",
          "pearson_r": 0.9037385397502898
        },
        {
          "feature_a": "sca60",
          "feature_b": "hdca60",
          "pearson_r": 0.844741494953561
        }
      ]
    },
    "pp": {
      "per_feature": {
        "xga60": {
          "n": 32,
          "mean": 0.9296875,
          "std": 0.3932594911044741,
          "dagostino_k2_stat": 6.2801042424124525,
          "dagostino_k2_p": 0.043280542009120834,
          "shapiro_stat": 0.9179823376702148,
          "shapiro_p": 0.018335591306501517,
          "is_normal_alpha_0.05": false,
          "plot_path": "C:\\Users\\soluk\\PycharmProjects\\NHLschedule\\_plots\\normality_pp_xga60.png"
        },
        "sca60": {
          "n": 32,
          "mean": 6.8034375,
          "std": 2.425769992928792,
          "dagostino_k2_stat": 0.2755562197190773,
          "dagostino_k2_p": 0.8712920014028258,
          "shapiro_stat": 0.9865719895730974,
          "shapiro_p": 0.9522708253671038,
          "is_normal_alpha_0.05": true,
          "plot_path": "C:\\Users\\soluk\\PycharmProjects\\NHLschedule\\_plots\\normality_pp_sca60.png"
        },
        "hdca60": {
          "n": 32,
          "mean": 2.8534375,
          "std": 1.1289530807760568,
          "dagostino_k2_stat": 1.613713305994356,
          "dagostino_k2_p": 0.4462586095357093,
          "shapiro_stat": 0.9718817274899494,
          "shapiro_p": 0.5528908780868371,
          "is_normal_alpha_0.05": true,
          "plot_path": "C:\\Users\\soluk\\PycharmProjects\\NHLschedule\\_plots\\normality_pp_hdca60.png"
        },
        "ga60": {
          "n": 32,
          "mean": 0.9156249999999999,
          "std": 0.7037352906988535,
          "dagostino_k2_stat": 1.7155000267290585,
          "dagostino_k2_p": 0.42411526326768245,
          "shapiro_stat": 0.920350336450441,
          "shapiro_p": 0.02125022125311831,
          "is_normal_alpha_0.05": false,
          "plot_path": "C:\\Users\\soluk\\PycharmProjects\\NHLschedule\\_plots\\normality_pp_ga60.png"
        },
        "sa60": {
          "n": 32,
          "mean": 9.47875,
          "std": 2.7033853198351134,
          "dagostino_k2_stat": 5.706313500134899,
          "dagostino_k2_p": 0.05766200871936591,
          "shapiro_stat": 0.9530382236640556,
          "shapiro_p": 0.17571096762812777,
          "is_normal_alpha_0.05": true,
          "plot_path": "C:\\Users\\soluk\\PycharmProjects\\NHLschedule\\_plots\\normality_pp_sa60.png"
        }
      },
      "correlation": {
        "xga60": {
          "xga60": 1.0,
          "sca60": 0.7,
          "hdca60": 0.557,
          "ga60": 0.445,
          "sa60": 0.661
        },
        "sca60": {
          "xga60": 0.7,
          "sca60": 1.0,
          "hdca60": 0.553,
          "ga60": 0.378,
          "sa60": 0.58
        },
        "hdca60": {
          "xga60": 0.557,
          "sca60": 0.553,
          "hdca60": 1.0,
          "ga60": 0.236,
          "sa60": 0.478
        },
        "ga60": {
          "xga60": 0.445,
          "sca60": 0.378,
          "hdca60": 0.236,
          "ga60": 1.0,
          "sa60": 0.522
        },
        "sa60": {
          "xga60": 0.661,
          "sca60": 0.58,
          "hdca60": 0.478,
          "ga60": 0.522,
          "sa60": 1.0
        }
      },
      "correlation_plot_path": "C:\\Users\\soluk\\PycharmProjects\\NHLschedule\\_plots\\corr_pp.png",
      "high_correlation_pairs_abs_ge_0.8": []
    },
    "pk": {
      "per_feature": {
        "xga60": {
          "n": 32,
          "mean": 8.9003125,
          "std": 1.6145906686661327,
          "dagostino_k2_stat": 2.5235502075309486,
          "dagostino_k2_p": 0.28315095780090666,