{
  "opponent_ease": {
    "n": 32,
    "mean": 53.0625,
    "std": 26.258257629743827,
    "dagostino_k2_stat": 10.80040185008502,
    "dagostino_k2_p": 0.004515673539557826,
    "shapiro_stat": 0.923047422792217,
    "shapiro_p": 0.025169514473403626,
    "is_normal_alpha_0.05": false,
    "plot_path": "C:\\Users\\soluk\\PycharmProjects\\NHLschedule\\_plots\\normality_Opponent_Ease_0_100.png"
  },
  "teamweek_sos": {
    "n": 768,
    "mean": 54.977864583333336,
    "std": 13.854650227991888,
    "dagostino_k2_stat": 24.099150222580402,
    "dagostino_k2_p": 5.847039394181421e-06,
    "shapiro_stat": 0.9868555017484408,
    "shapiro_p": 2.191067420897805e-06,
    "is_normal_alpha_0.05": false,
    "plot_path": "C:\\Users\\soluk\\PycharmProjects\\NHLschedule\\_plots\\normality_TeamWeek_SOS_0_100.png"
  },
  "features": {
    "sva": {
      "per_feature": {
        "xga60": {
          "n": 32,
          "mean": 2.55875,
          "std": 0.2623541261348866,
          "dagostino_k2_stat": 1.9097666200750725,
          "dagostino_k2_p": 0.38485705088769034,
          "shapiro_stat": 0.9651145221568752,
          "shapiro_p": 0.37648712532229933,
          "is_normal_alpha_0.05": true,
          "plot_path": "C:\\Users\\soluk\\PycharmProjects\\NHLschedule\\_plots\\normality_sva_xga60.png"
        },
        "sca60": {
          "n": 32,
          "mean": 26.2459375,
          "std": 2.539410437698827,
          "dagostino_k2_stat": 4.623135013826255,
          "dagostino_k2_p": 0.09910578074424284,
          "shapiro_stat": 0.9536665423182684,
          "shapiro_p": 0.18303166920393166,
          "is_normal_alpha_0.05": true,
          "plot_path": "C:\\Users\\soluk\\PycharmProjects\\NHLschedule\\_plots\\normality_sva_sca60.png"
        },
        "hdca60": {
          "n": 32,
          "mean": 11.019375,
          "std": 1.507000202181473,
          "dagostino_k2_stat": 0.9579566712310775,
          "dagostino_k2_p": 0.6194159038117218,
          "shapiro_stat": 0.9840690412887554,
          "shapiro_p": 0.9053160550756574,
          "is_normal_alpha_0.05": true,
          "plot_path": "C:\\Users\\soluk\\PycharmProjects\\NHLschedule\\_plots\\normality_sva_hdca60.png"
        },
        "ga60": {
          "n": 32,
          "mean": 2.45875,
          "std": 0.41271774555984386,
          "dagostino_k2_stat": 0.8895278439344483,
          "dagostino_k2_p": 0.6409755784256426,
          "shapiro_stat": 0.9828535304658701,
          "shapiro_p": 0.8769365555109956,
          "is_normal_alpha_0.05": true,
          "plot_path": "C:\\Users\\soluk\\PycharmProjects\\NHLschedule\\_plots\\normality_sva_ga60.png"
        },
        "sa60": {
          "n": 32,
          "mean": 26.39125,
          "std": 2.3978333318852667,
          "dagostino_k2_stat": 4.669014302214507,
          "dagostino_k2_p": 0.09685820722514601,
          "shapiro_stat": 0.9435757443813908,
          "shapiro_p": 0.09460605285478077,
          "is_normal_alpha_0.05": true,
          "plot_path": "C:\\Users\\soluk\\PycharmProjects\\NHLschedule\\_plots\\normality_sva_sa60.png"
        }
      },
      "correlation": {
        "xga60": {
          "xga60": 1.0,
          "sca60": 0.915,
          "hdca60": 0.91,
          "ga60": 0.224,
          "sa60": 0.74
        },
        "sca60": {
          "xga60": 0.915,
          "sca60": 1.0,
          "hdca60": 0.864,
          "ga60": 0.234,
          "sa60": 0.658
        },
        "hdca60": {
          "xga60": 0.91,
          "sca60": 0.864,
          "hdca60": 1.0,
          "ga60": 0.212,
          "sa60": 0.659
        },
        "ga60": {
          "xga60": 0.224,
          "sca60": 0.234,
          "hdca60": 0.212,
          "ga60": 1.0,
          "sa60": 0.187
        },
        "sa60": {
          "xga60": 0.74,
          "sca60": 0.658,
          "hdca60": 0.659,
          "ga60": 0.187,
          "sa60": 1.0
        }
      },
      "correlation_plot_path": "C:\\Users\\soluk\\PycharmProjects\\NHLschedule\\_plots\\corr_sva.png",
      "high_correlation_pairs_abs_ge_0.8": [
        {
          "feature_a": "xga60",
          "feature_b": "sca60",
          "pearson_r": 0.9154444432656172
        },
        {
          "feature_a": "xga60",
          "feature_b": "hdca60",
          "pearson_r": 0.9102582216951057
        },
        {
          "feature_a": "sca60",
          "feature_b": "hdca60",
          "pearson_r": 0.8641895103776319
        }
      ]
    },
    "pp": {
      "per_feature": {
        "xga60": {
          "n": 32,
          "mean": 0.9237500000000001,
          "std": 0.3822364287976749,
          "dagostino_k2_stat": 2.2041020230649555,
          "dagostino_k2_p": 0.3321890609239597,
          "shapiro_stat": 0.9569318730213141,
          "shapiro_p": 0.22597848351640487,
          "is_normal_alpha_0.05": true,
          "plot_path": "C:\\Users\\soluk\\PycharmProjects\\NHLschedule\\_plots\\normality_pp_xga60.png"
        },
        "sca60": {
          "n": 32,
          "mean": 6.6899999999999995,
          "std": 2.4346008399735672,
          "dagostino_k2_stat": 0.7242610119144242,
          "dagostino_k2_p": 0.6961915047740805,
          "shapiro_stat": 0.9705921437881977,
          "shapiro_p": 0.5159042900518833,
          "is_normal_alpha_0.05": true,
          "plot_path": "C:\\Users\\soluk\\PycharmProjects\\NHLschedule\\_plots\\normality_pp_sca60.png"
        },
        "hdca60": {
          "n": 32,
          "mean": 2.796875,
          "std": 1.0602489020862036,
          "dagostino_k2_stat": 0.5296821612938504,
          "dagostino_k2_p": 0.7673278835376458,
          "shapiro_stat": 0.9811954783397898,
          "shapiro_p": 0.8335238026712959,
          "is_normal_alpha_0.05": true,
          "plot_path": "C:\\Users\\soluk\\PycharmProjects\\NHLschedule\\_plots\\normality_pp_hdca60.png"
        },
        "ga60": {
          "n": 32,
          "mean": 0.9059375000000001,
          "std": 0.6413699175154304,
          "dagostino_k2_stat": 0.45559556395168466,
          "dagostino_k2_p": 0.796285266788967,
          "shapiro_stat": 0.9433235420930859,
          "shapiro_p": 0.09305545152719988,
          "is_normal_alpha_0.05": true,
          "plot_path": "C:\\Users\\soluk\\PycharmProjects\\NHLschedule\\_plots\\normality_pp_ga60.png"
        },
        "sa60": {
          "n": 32,
          "mean": 9.371875,
          "std": 2.5898098838283476,
          "dagostino_k2_stat": 9.091610862873727,
          "dagostino_k2_p": 0.010611622339115185,
          "shapiro_stat": 0.932718405854624,
          "shapiro_p": 0.046648048331772635,
          "is_normal_alpha_0.05": false,
          "plot_path": "C:\\Users\\soluk\\PycharmProjects\\NHLschedule\\_plots\\normality_pp_sa60.png"
        }
      },
      "correlation": {
        "xga60": {
          "xga60": 1.0,
          "sca60": 0.704,
          "hdca60": 0.61,
          "ga60": 0.516,
          "sa60": 0.73
        },
        "sca60": {
          "xga60": 0.704,
          "sca60": 1.0,
          "hdca60": 0.63,
          "ga60": 0.481,
          "sa60": 0.677
        },
        "hdca60": {
          "xga60": 0.61,
          "sca60": 0.63,
          "hdca60": 1.0,
          "ga60": 0.402,
          "sa60": 0.577
        },
        "ga60": {
          "xga60": 0.516,
          "sca60": 0.481,
          "hdca60": 0.402,
          "ga60": 1.0,
          "sa60": 0.617
        },
        "sa60": {
          "xga60": 0.73,
          "sca60": 0.677,
          "hdca60": 0.577,
          "ga60": 0.617,
          "sa60": 1.0
        }
      },
      "correlation_plot_path": "C:\\Users\\soluk\\PycharmProjects\\NHLschedule\\_plots\\corr_pp.png",
      "high_correlation_pairs_abs_ge_0.8": []
    },
    "pk": {
      "per_feature": {
        "xga60": {
          "n": 32,
          "mean": 8.85625,
          "std": 1.5698920145984563,
          "dagostino_k2_stat": 2.524969718812642,
          "dagostino_k2_p": 0.28295006111360843,